participant,category,index,center_x,center_y,center_z,size_w,size_h,size_d,volume,obj_file
P01,bin,001,-1.7392055,-0.665798,-1.097599,0.305253,0.30114799999999997,0.5607860000000001,0.05155099914436899,P01_bin.001.obj
P01,boiler,001,-1.57771,-3.9189435,0.03022999999999998,0.3308580000000001,0.4151609999999999,0.70004,0.09615703107012552,P01_boiler.001.obj
P01,counter,001,-0.2995115,-1.5831490000000001,-0.6025400000000001,0.593921,0.5924940000000001,0.027216000000000018,0.009577164222156393,P01_counter.001.obj
P01,counter,002,-0.23800149999999998,-2.754307,-0.602661,0.543585,0.6480580000000002,0.027215999999999907,0.009587505729422852,P01_counter.002.obj
P01,counter,003,-0.1965645,-3.2810379999999997,-0.602661,0.535751,0.4791479999999999,0.027215999999999907,0.006986456612347942,P01_counter.003.obj
P01,counter,004,-0.20989200000000002,-3.783518,-0.602661,0.6457620000000001,0.5907520000000002,0.027215999999999907,0.010382501013341152,P01_counter.004.obj
P01,counter,005,-0.7924450000000001,-4.0371809999999995,-0.602661,0.591434,0.1894079999999998,0.027215999999999907,0.0030487997624555384,P01_counter.005.obj
P01,counter,006,-1.4235115,-3.8402015,-0.602661,0.677529,0.5854110000000001,0.027215999999999907,0.01079476180706747,P01_counter.006.obj
P01,counter,007,-1.5827915,-3.282967,-0.602661,0.44293099999999996,0.6077400000000002,0.027215999999999907,0.007326190287743017,P01_counter.007.obj
P01,counter,008,-1.6317485,-2.5575835,-0.602661,0.4649669999999999,0.891683,0.027215999999999907,0.011283839860050535,P01_counter.008.obj
P01,counter,009,-1.7110845000000001,-1.483033,-0.602661,0.4967569999999999,1.3094199999999998,0.027215999999999907,0.017703016002382974,P01_counter.009.obj
P01,cupboard,001,-0.169165,-3.229431,-1.0857425,0.612988,0.3915139999999999,0.581819,0.13963271058775037,P01_cupboard.001.obj
P01,cupboard,002,-0.808092,-3.7805930000000005,-1.134664,0.5977899999999999,0.4860700000000002,0.4999999999999999,0.14528389265000002,P01_cupboard.002.obj
P01,cupboard,003,-1.2339195,-3.8013965,-1.0312865,0.29841300000000004,0.46676899999999977,0.770807,0.10736565892933074,P01_cupboard.003.obj
P01,cupboard,004,-1.5717195,-3.3443935,-1.0312865,0.376649,0.49135899999999966,0.770807,0.14265315590299465,P01_cupboard.004.obj
P01,cupboard,005,-1.6030484999999999,-2.82374,-1.0499939999999999,0.3775510000000002,0.582716,0.653316,0.14373279214363913,P01_cupboard.005.obj
P01,cupboard,006,-1.638598,-2.2723165,-1.0499939999999999,0.3763540000000001,0.5641510000000001,0.653316,0.1387123702748655,P01_cupboard.006.obj
P01,cupboard,007,-0.15149200000000002,-1.5479175,0.24073100000000003,0.371112,0.482839,0.79423,0.14231596658239465,P01_cupboard.007.obj
P01,cupboard,008,-0.07396399999999999,-2.7504955,0.24073100000000003,0.371112,0.48283900000000024,0.79423,0.1423159665823947,P01_cupboard.008.obj
P01,cupboard,009,-0.04259199999999999,-3.2371290000000004,0.24073100000000003,0.371112,0.48283999999999994,0.79423,0.14231626133067837,P01_cupboard.009.obj
P01,dishwasher,001,-0.20034999999999997,-2.7457045,-1.0016235,0.629784,0.652037,0.750057,0.30800525912679044,P01_dishwasher.001.obj
P01,drawer,001,-0.27491200000000005,-1.589126,-1.185565,0.624784,0.5744959999999999,0.382174,0.13717597203419032,P01_drawer.001.obj
P01,drawer,002,-0.27491200000000005,-1.589126,-0.8834615,0.624784,0.5744959999999999,0.22203299999999992,0.07969561665280048,P01_drawer.002.obj
P01,drawer,003,-0.27491200000000005,-1.589126,-0.6995205,0.624784,0.5744959999999999,0.145849,0.05235044337190553,P01_drawer.003.obj
P01,drawer,005,-0.169165,-3.229431,-0.7107145,0.612988,0.3915139999999999,0.16823699999999997,0.04037576691574417,P01_drawer.005.obj
P01,drawer,006,-1.644171,-2.5554315,-0.6784995,0.48709800000000003,1.1197549999999998,0.08718499999999996,0.047553351254013124,P01_drawer.006.obj
P01,floor,001,-1.000264,-2.1348555,-1.5090305000000002,1.095388,2.922391,0.040103,0.12837579996768894,P01_floor.001.obj
P01,fridgefreezer,001,-0.3773305,-1.026667,-0.600908,0.572451,0.560066,1.801498,0.5775788894707655,P01_fridgefreezer.001.obj
P01,hob,001,-0.238881,-2.14803,-0.5954735,0.62768,0.61941,0.062244999999999995,0.024200312526456,P01_hob.001.obj
P01,hook,001,-1.0903445,-4.063662,-0.11802950000000001,0.3963730000000001,0.18858800000000064,0.171929,0.012851897573144042,P01_hook.001.obj
P01,hook,002,-1.9113715,-0.940686,0.1183735,0.03281499999999982,0.16491199999999995,0.166463,0.0009008290533906347,P01_hook.002.obj
P01,microwave,001,-2.093197,-2.043233,-0.3638725,0.3218540000000001,0.44836200000000015,0.254451,0.03671908670311177,P01_microwave.001.obj
P01,oven,001,-0.238881,-2.14803,-1.0016235,0.62768,0.61941,0.750057,0.2916156127023216,P01_oven.001.obj
P01,shelf,001,-1.0709089999999999,-4.063662,0.19242150000000002,0.4419120000000001,0.1914119999999997,0.307481,0.026008975213344825,P01_shelf.001.obj
P01,shelf,002,-1.0709089999999999,-4.063662,0.5138355,0.4419120000000001,0.1914119999999997,0.30748099999999995,0.02600897521334482,P01_shelf.002.obj
P01,shelf,003,-1.6751755,-3.385732,0.229135,0.264127,0.6417760000000001,0.20524599999999998,0.034791325309069795,P01_shelf.003.obj
P01,shelf,004,-1.6751755,-3.385732,0.4566825,0.264127,0.6417760000000001,0.20524500000000007,0.034791155798700256,P01_shelf.004.obj
P01,shelf,005,-2.0747584999999997,-2.1732044999999998,-0.5037535,0.5736849999999998,1.8003170000000002,0.02721699999999999,0.028110121994132445,P01_shelf.005.obj
P01,sink,001,-0.8080575,-3.759201,-0.740856,0.6016790000000001,0.44627399999999984,0.281408,0.07556190161409675,P01_sink.001.obj
P01,storage,001,-1.6923205000000001,-1.4172924999999998,-1.007812,0.41639700000000013,1.189789,0.737346,0.36529932516302166,P01_storage.001.obj
P01,top_microwave,001,-2.093197,-2.043233,-0.22709200000000002,0.3218540000000001,0.44836200000000015,0.01999999999999999,0.00288614206296,P01_top_microwave.001.obj
P02,bin,001,1.14177,-2.2098329999999997,-1.4041839999999999,0.327538,0.2427579999999998,0.39587000000000017,0.031476601421309466,P02_bin.001.obj
P02,bin,002,1.105506,-1.978881,-1.4041839999999999,0.3275379999999999,0.24275800000000003,0.39587000000000017,0.03147660142130949,P02_bin.002.obj
P02,bin,003,1.0717515,-1.76391,-1.483762,0.32753699999999997,0.24275800000000003,0.25,0.0198780567615,P02_bin.003.obj
P02,counter,001,-0.1580125,-3.2520759999999997,-0.7154315,0.582695,0.6664319999999999,0.024477000000000082,0.00950507004721251,P02_counter.001.obj
P02,counter,002,-1.3727735,-3.3924925,-0.7154315,0.8362749999999999,0.7996949999999998,0.024477000000000082,0.016369359341531674,P02_counter.002.obj
P02,counter,003,-1.5882985,-2.1932115,-0.7154315,0.7045790000000001,0.7240949999999999,0.024477000000000082,0.012487728020609426,P02_counter.003.obj
P02,counter,004,-1.6636259999999998,-1.5620205,-0.712704,0.6577900000000001,0.7204809999999999,0.024478,0.01160074097192122,P02_counter.004.obj
P02,counter,005,-1.117965,-1.4763415,-0.7175050000000001,0.620202,0.7145790000000001,0.03500000000000003,0.015511416373530016,P02_counter.005.obj
P02,counter,006,-0.55556,-1.388033,-0.7175050000000001,0.69481,0.726294,0.03500000000000003,0.017662271694900016,P02_counter.006.obj
P02,counter,007,-0.009890499999999997,-1.302353,-0.7175050000000001,0.5922909999999999,0.710196,0.03500000000000003,0.01472249446626001,P02_counter.007.obj
P02,cupboard,001,-0.098914,-3.3785005,0.07087750000000001,0.43071000000000004,0.352017,0.5911649999999999,0.08963080690831156,P02_cupboard.001.obj
P02,cupboard,002,-1.2255495,-3.531672,0.07087750000000001,0.43071100000000007,0.35201800000000016,0.5911649999999999,0.08963126962970971,P02_cupboard.002.obj
P02,cupboard,003,-0.164491,-3.247046,-1.2438004999999999,0.561864,0.6403980000000002,0.7075929999999999,0.2546036946165542,P02_cupboard.003.obj
P02,cupboard,004,-1.4865135,-2.8036445,-1.2930345,0.6599630000000001,0.682207,0.633971,0.2854336371582221,P02_cupboard.004.obj
P02,cupboard,005,-1.1082875,-1.473067,-1.2495720000000001,0.6196690000000001,0.6945460000000001,0.7247239999999999,0.31191296606307445,P02_cupboard.005.obj
P02,drawer,001,-0.164491,-3.247046,-0.810004,0.561864,0.6403980000000002,0.16000000000000003,0.05757065309952004,P02_drawer.001.obj
P02,drawer,002,-1.1082875,-1.473067,-0.8135765,0.6196690000000001,0.6945460000000001,0.14138300000000004,0.06084963500711398,P02_drawer.002.obj
P02,drawer,003,0.0026790000000000147,-1.3063609999999999,-0.816701,0.565904,0.65507,0.14708600000000005,0.0545257705712221,P02_drawer.003.obj
P02,drawer,004,0.0026790000000000147,-1.3063609999999999,-1.037965,0.565904,0.65507,0.2934579999999999,0.1087868565348822,P02_drawer.004.obj
P02,drawer,005,0.0026790000000000147,-1.3063609999999999,-1.398314,0.565904,0.65507,0.42724000000000006,0.1583807447265472,P02_drawer.005.obj
P02,drawer,006,1.3668939999999998,-2.928453,-0.8118719999999999,0.24532200000000004,0.3737499999999998,0.07999999999999996,0.007335127799999994,P02_drawer.006.obj
P02,drawer,007,1.3668939999999998,-2.928453,-0.914237,0.24532200000000004,0.3737499999999998,0.07999999999999996,0.007335127799999994,P02_drawer.007.obj
P02,drawer,008,1.3668939999999998,-2.928453,-1.022536,0.24532200000000004,0.3737499999999998,0.07999999999999996,0.007335127799999994,P02_drawer.008.obj
P02,drawer,009,1.3668939999999998,-2.928453,-1.126959,0.24532200000000004,0.3737499999999998,0.08000000000000007,0.007335127800000004,P02_drawer.009.obj
P02,drawer,010,1.3668939999999998,-2.928453,-1.231044,0.24532200000000004,0.3737499999999998,0.08000000000000007,0.007335127800000004,P02_drawer.010.obj
P02,drawer,011,1.3668939999999998,-2.928453,-1.3453680000000001,0.24532200000000004,0.3737499999999998,0.07999999999999985,0.007335127799999984,P02_drawer.011.obj
P02,drawer,012,1.3668939999999998,-2.928453,-1.44142,0.24532200000000004,0.3737499999999998,0.07999999999999985,0.007335127799999984,P02_drawer.012.obj
P02,floor,001,-0.627019,-1.023308,-1.627446,3.80074,5.557784,0.024478,0.5170657318007964,P02_floor.001.obj
P02,fridge,001,-0.536388,-1.3989725,-1.1495945,0.680462,0.7081930000000001,0.814093,0.3923101346386645,P02_fridge.001.obj
P02,hob,001,-0.701438,-3.337427,-0.7173715,0.6768800000000001,0.6846299999999998,0.030895000000000006,0.014317124689188002,P02_hob.001.obj
P02,microwave,001,-1.706739,-1.544928,-0.5311605,0.35909199999999997,0.4848779999999999,0.25442100000000006,0.0442987186934407,P02_microwave.001.obj
P02,oven,001,-0.7037585000000001,-3.3203620000000003,-1.1720475,0.672919,0.6554980000000001,0.8510989999999999,0.37541726553016963,P02_oven.001.obj
P02,radiator,001,1.051805,-1.190257,-1.096136,0.17548400000000008,0.998702,0.5104860000000001,0.0894658476254593,P02_radiator.001.obj
P02,shelf,001,1.502845,-2.884785,-0.1050915,0.29246799999999995,0.720796,0.03236699999999999,0.006823279648477773,P02_shelf.001.obj
P02,sink,001,-1.5062470000000001,-2.7740335,-0.8240784999999999,0.687616,0.601229,0.24273299999999998,0.1003493855359749,P02_sink.001.obj
P02,table,001,-0.857263,0.8186555,-0.843413,1.5067760000000001,0.877209,0.024478,0.03235397930620795,P02_table.001.obj
P02,top_cupboard,001,-0.098914,-3.3785005,0.371683,0.43071000000000004,0.352017,0.010000000000000009,0.0015161724207000016,P02_top_cupboard.001.obj
P02,top_cupboard,002,-1.2255495,-3.531672,0.369867,0.43071100000000007,0.35201800000000016,0.010000000000000009,0.0015161802479800024,P02_top_cupboard.002.obj
P02,top_drawer,006,1.3668939999999998,-2.928453,-0.7598185,0.24532200000000004,0.3737499999999998,0.019834999999999936,0.0018186532489124934,P02_top_drawer.006.obj
P02,top_microwave,001,-1.7090744999999998,-1.543984,-0.4033555,0.350627,0.48444600000000015,0.005671000000000037,0.0009632751959777887,P02_top_microwave.001.obj
P02,washingmachine,001,-1.5687535000000001,-2.1987360000000002,-1.122232,0.660309,0.6847460000000001,0.7531160000000001,0.34051684042283775,P02_washingmachine.001.obj
P02,windowsill,001,-1.8911905,-2.587981,-0.5285995,0.31907700000000006,1.2878679999999998,0.01094700000000004,0.004498440396130708,P02_windowsill.001.obj
P03,bin,001,0.5290520000000001,-0.788441,-1.306282,0.4,0.4,0.5877840000000001,0.09404544000000004,P03_bin.001.obj
P03,counter,001,-0.10035150000000001,-3.34172,-0.677724,0.720559,0.7860339999999999,0.026998000000000077,0.015291231803416029,P03_counter.001.obj
P03,counter,002,-0.2615165,-3.823602,-0.677724,0.630051,0.5154180000000004,0.026998000000000077,0.008767320431333396,P03_counter.002.obj
P03,counter,003,-0.5029565,-4.257267000000001,-0.677724,0.897995,0.8092920000000001,0.026998000000000077,0.01962053109724098,P03_counter.003.obj
P03,counter,004,-1.7761525,-3.831447,-0.6740794999999999,0.762953,0.7641279999999995,0.026999000000000106,0.015740248255818066,P03_counter.004.obj
P03,counter,005,-2.363704,-3.634941,-0.6740794999999999,0.775984,0.7684860000000002,0.026999000000000106,0.016100390353207844,P03_counter.005.obj
P03,counter,006,-2.205324,-3.1613865,-0.6740794999999999,0.707082,0.562465,0.026999000000000106,0.01073774197363291,P03_counter.006.obj
P03,counter,007,-1.900694,-2.2505465,-0.6722239999999999,0.686094,0.49971299999999985,0.026997999999999966,0.009256266757411941,P03_counter.007.obj
P03,cupboard,001,-0.240842,-3.835288,-1.067682,0.640204,0.530888,0.689162,0.23423005198635466,P03_cupboard.001.obj
P03,cupboard,002,-0.8780245,-4.1415465000000005,-1.207901,0.5630069999999999,0.6723190000000003,0.6891619999999999,0.2608618092166608,P03_cupboard.002.obj
P03,cupboard,003,-1.2652335,-4.0129719999999995,-1.207901,0.557157,0.6703760000000001,0.6891619999999999,0.25740523298937523,P03_cupboard.003.obj
P03,cupboard,004,-2.197171,-3.1767765,-1.062903,0.692604,0.556057,0.674606,0.2598091889817434,P03_cupboard.004.obj
P03,cupboard,005,-2.4836834999999997,-3.572992,0.16999550000000002,0.48149500000000023,0.668186,0.720233,0.23171927968521042,P03_cupboard.005.obj
P03,cupboard,006,-2.330795,-3.1125610000000004,0.16999550000000002,0.39809199999999967,0.41701200000000016,0.720233,0.11956526172475718,P03_cupboard.006.obj
P03,cupboard,007,-2.029239,-2.2044125,0.1700845,0.3874620000000002,0.3849990000000001,0.721867,0.10768269245225853,P03_cupboard.007.obj
P03,cupboard,008,-1.737695,-1.7930425,-0.2103215,0.7642240000000002,0.771741,0.962851,0.5678731455404885,P03_cupboard.008.obj
P03,cupboard,009,-1.737695,-1.7930425,0.401061,0.7642240000000002,0.771741,0.259914,0.1532928570983574,P03_cupboard.009.obj
P03,cupboard,010,-1.737695,-1.7930425,-1.071427,0.7642240000000002,0.771741,0.6636040000000001,0.39138235393975845,P03_cupboard.010.obj
P03,dishwasher,001,-0.109343,-3.3480725,-1.1594470000000001,0.764238,0.7582450000000001,0.872692,0.5057072480067986,P03_dishwasher.001.obj
P03,drawer,001,-1.8900160000000001,-2.2517655,-1.2177820000000001,0.665532,0.47452499999999986,0.37089400000000006,0.11713261729663618,P03_drawer.001.obj
P03,drawer,002,-1.8900160000000001,-2.2517665,-0.9394015,0.665532,0.47452499999999986,0.16837500000000005,0.0531747734860125,P03_drawer.002.obj
P03,drawer,003,-1.8900160000000001,-2.2517655,-0.7699125,0.665532,0.47452499999999986,0.16113899999999992,0.05088956094884966,P03_drawer.003.obj
P03,drawer,004,-0.11121950000000001,-1.7793645,-1.3476765,0.280165,0.38910100000000014,0.2605249999999999,0.028400476785774124,P03_drawer.004.obj
P03,drawer,005,-0.11121950000000001,-1.7793645,-1.0476765000000001,0.280165,0.38910100000000014,0.2605250000000001,0.028400476785774148,P03_drawer.005.obj
P03,drawer,006,-0.11121950000000001,-1.7793645,-0.7476765000000001,0.280165,0.38910100000000014,0.260525,0.028400476785774134,P03_drawer.006.obj
P03,extractor_fan,001,-2.177375,-2.65053,0.351525,0.47962799999999994,0.6625640000000002,0.358986,0.11408009540348132,P03_extractor_fan.001.obj
P03,floor,001,-0.37037949999999986,-0.9924425000000001,-1.62,3.305103,5.920847,0.030000000000000027,0.5870702754672306,P03_floor.001.obj
P03,freezer,001,0.321546,-1.29197,-1.1944645,0.789282,0.766568,0.8026570000000001,0.48563824616813567,P03_freezer.001.obj
P03,fridge,001,0.321546,-1.29197,-0.276381,0.789282,0.766568,1.03351,0.6253131584191377,P03_fridge.001.obj
P03,hob,001,-2.036266,-2.695566,-0.665563,0.689414,0.7299920000000002,0.04756000000000005,0.02393536447496131,P03_hob.001.obj
P03,microwave,001,-0.4713545,-4.384809000000001,-0.5523895,0.482877,0.39421000000000017,0.226925,0.043196295251927266,P03_microwave.001.obj
P03,oven,001,-2.0372719999999997,-2.695232,-1.014791,0.757914,0.7527379999999999,0.6508959999999999,0.3713431121048046,P03_oven.001.obj
P03,radiator,001,-1.2120785,0.53066,-1.0066015,0.509631,1.33153,0.46484100000000006,0.31543597327944667,P03_radiator.001.obj
P03,sink,001,-1.1721565,-4.030805,-0.7598995,0.821469,0.7789900000000003,0.18932500000000008,0.12115212250689084,P03_sink.001.obj
P03,storage,001,0.8798805,-0.08970800000000001,-1.323082,0.6625449999999999,0.713388,0.5,0.23632582622999998,P03_storage.001.obj
P03,storage,002,-0.7540695,1.6639425,-0.9291885,0.48653899999999994,0.553315,1.300529,0.35011453655436925,P03_storage.002.obj
P03,table,001,0.7881480000000001,-0.23454399999999997,-0.690477,0.918234,1.194688,0.03893199999999997,0.04270852628510051,P03_table.001.obj
P03,table,002,-0.9759424999999999,-0.09810150000000001,-0.853,1.163293,1.378285,0.04405400000000004,0.07063394973201532,P03_table.002.obj
P03,top_drawer,006,-0.09960450000000001,-1.7827410000000001,-0.6086025,0.319479,0.4167479999999999,0.026998999999999995,0.003594707183649707,P03_top_drawer.006.obj
P03,top_microwave,001,-0.4713545,-4.384809000000001,-0.428662,0.482877,0.39421000000000017,0.020000000000000018,0.0038070988434000053,P03_top_microwave.001.obj
P03,top_storage,002,-0.7540695,1.6639425,-0.26536000000000004,0.48653899999999994,0.553315,0.02999999999999997,0.008076279803549991,P03_top_storage.002.obj
P03,washingmachine,001,-1.7569394999999999,-3.8496985,-1.1543645,0.7520549999999999,0.735093,0.8251689999999999,0.45617848037674835,P03_washingmachine.001.obj
P03,windowsill,001,0.35757399999999995,-3.434885,-0.444106,0.32461599999999996,0.5368539999999999,0.030000000000000027,0.005228141941920003,P03_windowsill.001.obj
P03,windowsill,002,-1.5637805,-4.355614,-0.4884505,1.1985590000000002,0.5892160000000004,0.010209000000000024,0.007209699316646519,P03_windowsill.002.obj
P04,bin,001,0.24638,0.673727,-1.234673,0.40474,0.44101,0.4999999999999999,0.08924719369999999,P04_bin.001.obj
P04,counter,001,1.295611,-1.2783099999999998,-0.6449739999999999,0.7277779999999999,0.7891619999999999,0.019999999999999907,0.011486694840719944,P04_counter.001.obj
P04,counter,002,0.77627,-1.065566,-0.6449739999999999,0.808948,0.832016,0.019999999999999907,0.013461153583359937,P04_counter.002.obj
P04,counter,003,0.3427635,-0.5521594999999999,-0.6449739999999999,0.5684990000000001,0.28962699999999997,0.029999999999999916,0.004939579796189987,P04_counter.003.obj
P04,counter,004,-0.33019550000000003,-0.578746,-0.6449739999999999,0.810399,0.833218,0.019999999999999907,0.013504780679639937,P04_counter.004.obj
P04,counter,005,-1.1166195,-0.22880700000000004,-0.6449739999999999,1.267215,1.0364900000000001,0.029999999999999916,0.039403670260499894,P04_counter.005.obj
P04,counter,006,-0.8497505,0.9771369999999999,-0.6449739999999999,0.8515789999999999,0.9257639999999999,0.029999999999999916,0.023650835440679925,P04_counter.006.obj
P04,cupboard,001,1.2914665,-1.242441,-1.028729,0.606655,0.6400300000000001,0.709972,0.27566608198430986,P04_cupboard.001.obj
P04,cupboard,002,-0.8448120000000001,-0.305361,-1.065599,0.6612220000000001,0.661222,0.775786,0.3391849139182613,P04_cupboard.002.obj
P04,cupboard,003,-1.107247,0.4159445,-1.2086245,0.6795039999999999,0.680783,0.659681,0.30516498154496935,P04_cupboard.003.obj
P04,cupboard,004,1.157816,-1.3858655,0.3253065,0.5189919999999999,0.47158299999999986,0.7109409999999999,0.17400124876244008,P04_cupboard.004.obj
P04,cupboard,005,0.7754755,-1.216108,0.3253065,0.5124089999999999,0.46865999999999985,0.7109409999999999,0.17072935438882544,P04_cupboard.005.obj
P04,cupboard,006,-0.427581,-0.679368,0.3253065,0.613386,0.5169680000000001,0.7109409999999999,0.2254400548686428,P04_cupboard.006.obj
P04,cupboard,007,-0.8935500000000001,-0.47248,0.3253065,0.589114,0.5061899999999999,0.7109409999999999,0.21200517672093602,P04_cupboard.007.obj
P04,cupboard,008,-1.406085,-0.10054849999999999,0.3253065,0.70652,0.847055,0.7109409999999999,0.4254706740879826,P04_cupboard.008.obj
P04,cupboard,009,0.270467,0.7275845,0.39742500000000003,0.41313,0.423079,0.70478,0.12318611916735059,P04_cupboard.009.obj
P04,cupboard,010,0.637553,0.5646,0.39742500000000003,0.586102,0.499878,0.70478,0.20648608887795766,P04_cupboard.010.obj
P04,cupboard,011,1.0966935,0.36074500000000004,0.39742500000000003,0.5972370000000001,0.504822,0.70478,0.21249002601097094,P04_cupboard.011.obj
P04,cupboard,012,1.465884,0.196826,0.39742500000000003,0.406204,0.42000400000000004,0.70478,0.1202406162882205,P04_cupboard.012.obj
P04,dishwasher,001,-0.866922,0.9572229999999999,-1.1053929999999998,0.7408760000000001,0.8190099999999999,0.8633,0.523837363387708,P04_dishwasher.001.obj
P04,drawer,001,0.23189400000000002,-0.771996,-1.2144875000000002,0.762138,0.7090639999999999,0.33845499999999995,0.1829026452667845,P04_drawer.001.obj
P04,drawer,002,0.23189400000000002,-0.771996,-0.8595015,0.762138,0.7090639999999999,0.3715170000000001,0.2007695027746082,P04_drawer.002.obj
P04,drawer,003,-0.32277049999999996,-0.5257275,-1.2144875000000002,0.757169,0.7068570000000001,0.33845499999999995,0.181144570892118,P04_drawer.003.obj
P04,drawer,004,-0.32277049999999996,-0.5257275,-0.8595015,0.757169,0.7068570000000001,0.3715170000000001,0.1988396907834927,P04_drawer.004.obj
P04,floor,001,1.047015,-0.48746849999999997,-1.5675370000000002,4.05619,3.647659,0.030000000000000027,0.4438679387763004,P04_floor.001.obj
P04,fridge,001,0.780499,-1.015574,-1.028729,0.74505,0.701476,0.709972,0.3710559988265736,P04_fridge.001.obj
P04,hob,001,0.213176,-0.8005950000000001,-0.6536675000000001,0.730818,0.69398,0.04015099999999994,0.02036350616002161,P04_hob.001.obj
P04,hook,001,0.939432,0.388757,-0.067855,0.30640600000000007,0.20892,0.1,0.006401434152000002,P04_hook.001.obj
P04,microwave,001,2.5554875,-1.7609365,-0.4910625,0.5363630000000001,0.618611,0.27727500000000005,0.09199985936090412,P04_microwave.001.obj
P04,oven,001,2.70137,-1.836791,-1.0151729999999999,0.9004600000000003,0.8961960000000002,0.7370840000000001,0.5948184222145338,P04_oven.001.obj
P04,shelf,001,0.8931445,0.4632115,-0.654316,1.162909,0.757279,0.030000000000000027,0.026419396938330023,P04_shelf.001.obj
P04,sink,001,-1.093253,0.3968215,-0.744381,0.7116820000000001,0.6853330000000001,0.22668199999999994,0.11056168829114829,P04_sink.001.obj
P04,storage,001,1.5914115,-0.00655,-1.268753,0.39707099999999995,0.397072,0.25,0.03941644402799999,P04_storage.001.obj
P04,storage,002,1.607991,0.030040999999999998,-1.021595,0.376436,0.35152799999999995,0.19999999999999984,0.026465558841599974,P04_storage.002.obj
P04,storage,003,1.647558,0.1173675,-0.789828,0.3558000000000001,0.305985,0.19999999999999996,0.021773892600000004,P04_storage.003.obj
P04,top_microwave,001,2.5554875,-1.7609365,-0.34182,0.5363630000000001,0.618611,0.020000000000000018,0.0066360010358600076,P04_top_microwave.001.obj
P04,top_storage,003,1.673212,0.17189749999999998,-0.654316,0.35708399999999996,0.308477,0.030000000000000027,0.0033045660320400027,P04_top_storage.003.obj
P04,windowsill,001,-1.2886265,0.8986540000000001,-0.307708,0.545955,1.0256699999999999,0.02999999999999997,0.01679908994549998,P04_windowsill.001.obj
P05,basket,001,-3.6114555,1.0331765,-0.303748,0.21253900000000003,0.24089499999999997,0.19999999999999998,0.010239916480999998,P05_basket.001.obj
P05,basket,002,-3.6114555,1.0331765,-0.05146100000000001,0.21253900000000003,0.24089499999999997,0.2,0.010239916481,P05_basket.002.obj
P05,basket,003,-3.6114555,1.0331765,0.18762700000000002,0.21253900000000003,0.24089499999999997,0.2,0.010239916481,P05_basket.003.obj
P05,basket,004,-3.748906,1.2959005000000001,-0.305076,0.2125379999999999,0.24089499999999986,0.19999999999999998,0.010239868301999988,P05_basket.004.obj
P05,basket,005,-3.748906,1.2959005000000001,-0.052789,0.2125379999999999,0.24089499999999986,0.2,0.01023986830199999,P05_basket.005.obj
P05,basket,006,-3.748906,1.2959005000000001,0.18629900000000002,0.2125379999999999,0.24089499999999986,0.2,0.01023986830199999,P05_basket.006.obj
P05,basket,007,-3.5222775000000004,1.5075395,-0.304241,0.24267100000000008,0.21613900000000008,0.2,0.010490133453800008,P05_basket.007.obj
P05,counter,001,-3.4803255,1.2653955,-0.8583305000000001,0.7897810000000001,0.789781,0.029998999999999998,0.018711997084802038,P05_counter.001.obj
P05,counter,002,-2.794688,1.5642939999999999,-0.8583305000000001,1.050634,0.9034979999999999,0.029998999999999998,0.028476422286242264,P05_counter.002.obj
P05,counter,003,-1.9414540000000002,1.936255,-0.8583305000000001,1.114826,0.9314819999999999,0.029998999999999998,0.031152172123607866,P05_counter.003.obj
P05,counter,004,-0.04852899999999999,-1.1473365,-0.663455,0.809762,0.8356150000000001,0.30000000000000004,0.20299478208900004,P05_counter.004.obj
P05,counter,005,0.06254500000000002,-2.6390374999999997,-0.82034,1.5510199999999998,1.1216370000000002,0.030000000000000027,0.05219044259220005,P05_counter.005.obj
P05,counter,006,-1.92477,-1.761102,-0.82034,1.232314,0.9826999999999999,0.030000000000000027,0.03632984903400003,P05_counter.006.obj
P05,cupboard,001,-3.465991,1.2742165,-1.303058,0.6684360000000003,0.7280490000000001,0.577774,0.28117612142792386,P05_cupboard.001.obj
P05,cupboard,002,-3.129199,1.419508,-1.2578185,0.3578619999999999,0.594068,0.668253,0.14206682060122983,P05_cupboard.002.obj
P05,cupboard,003,-2.1030925,1.8621675,-1.303058,0.6684350000000001,0.7280490000000002,0.577774,0.2811757007801409,P05_cupboard.003.obj
P05,cupboard,004,-0.583529,0.477829,-1.224694,0.549288,0.47810600000000003,0.826638,0.21708992613700887,P05_cupboard.004.obj
P05,cupboard,005,-0.5770815,0.5178405,-0.04247500000000001,0.562181,0.428969,0.744022,0.17942702219428655,P05_cupboard.005.obj
P05,cupboard,006,0.15767299999999998,-1.0754665,-0.039388000000000006,0.42607,0.671101,0.76109,0.2176230325765463,P05_cupboard.006.obj
P05,cupboard,007,-1.7035004999999999,-1.6423245,-1.213207,0.6839629999999999,0.7060870000000001,0.7339239999999999,0.3544393357201626,P05_cupboard.007.obj
P05,cupboard,008,-2.1910534999999998,-1.8521385000000001,-1.213207,0.7255049999999998,0.7240089999999999,0.7339239999999999,0.3855098370826644,P05_cupboard.008.obj
P05,dishwasher,001,-0.042925500000000005,-1.138931,-1.244005,0.793699,0.79803,0.8210859999999999,0.5200722702710854,P05_dishwasher.001.obj
P05,drawer,001,-2.7907235,1.565525,-1.406961,0.6765509999999999,0.7315499999999999,0.36996799999999985,0.18310858931021026,P05_drawer.001.obj
P05,drawer,002,-3.4659915000000003,1.2742165,-0.943426,0.6684350000000001,0.7280490000000001,0.1414899999999999,0.06885659427973931,P05_drawer.002.obj
P05,drawer,003,-2.451885,1.7116989999999999,-1.2578185,0.3578619999999999,0.5940679999999998,0.668253,0.14206682060122977,P05_drawer.003.obj
P05,drawer,004,-2.7907235,1.565525,-1.1339735000000002,0.6765509999999999,0.7315499999999999,0.17600700000000002,0.08711130010898833,P05_drawer.004.obj
P05,drawer,005,-2.7907235,1.565525,-0.984831,0.6765509999999999,0.7315499999999999,0.12227800000000011,0.060519158639865935,P05_drawer.005.obj
P05,drawer,006,-2.1030925,1.8621675,-0.945759,0.6684350000000001,0.7280490000000002,0.1257799999999999,0.061211268842360674,P05_drawer.006.obj
P05,drawer,007,-0.1888005,-2.6974549999999997,-0.9053800000000001,0.889187,0.727846,0.09372400000000003,0.060657348141456256,P05_drawer.007.obj
P05,floor,001,-1.474581,-0.5884654999999999,-1.7258,4.624499999999999,5.414111,0.029999999999999805,0.7511266895849951,P05_floor.001.obj
P05,freezer,001,-0.847219,-3.0511865,-0.7757955,0.754014,0.7745410000000001,1.7325549999999998,1.0118376883086218,P05_freezer.001.obj
P05,fridge,001,-1.430282,-3.302718,-0.7730760000000001,0.8638939999999999,0.821942,1.73,1.2284224185160397,P05_fridge.001.obj
P05,hob,001,-1.093647,1.2944905,-0.8617875,1.040496,1.1835749999999998,0.092109,0.11343269894519878,P05_hob.001.obj
P05,hook,001,-1.309746,1.201266,0.0739175,0.7273639999999999,1.42442,0.187797,0.19457118124817735,P05_hook.001.obj
P05,hook,002,-0.3273165,-1.103637,-0.058565000000000006,0.09108899999999998,0.05561399999999983,0.2,0.0010131647291999966,P05_hook.002.obj
P05,hook,003,0.6066605,-2.0199745,-0.381438,0.6674209999999999,1.362679,0.1844,0.16770821911039957,P05_hook.003.obj
P05,hook,004,-1.830754,-2.008687,-1.1171565,0.9453320000000001,0.4227599999999998,0.511671,0.20448857646081064,P05_hook.004.obj
P05,hook,005,-3.5222775000000004,1.5075395,-0.051953,0.24267100000000008,0.21613900000000008,0.2,0.010490133453800008,P05_hook.005.obj
P05,hook,006,-3.5222775000000004,1.5075395,0.187134,0.24267100000000008,0.21613900000000008,0.2,0.010490133453800008,P05_hook.006.obj
P05,hook,007,-0.966434,0.656711,-0.6242595,0.11853400000000003,0.13796599999999992,0.207565,0.0033944478206498585,P05_hook.007.obj
P05,hook,008,-1.69293,2.3335695000000003,-0.0004085000000000061,0.15761800000000004,0.08542300000000003,0.8319730000000001,0.01120185287498283,P05_hook.008.obj
P05,microwave,001,-0.261946,-2.9259174999999997,-0.642741,0.602956,0.5347849999999998,0.286136,0.09226507524368655,P05_microwave.001.obj
P05,oven,001,-1.093647,1.2944905,-1.273944,1.040496,1.1835749999999998,0.718354,0.8846565809864327,P05_oven.001.obj
P05,shelf,001,-1.3509175,2.1848644999999998,-0.6432925,0.40531300000000003,0.47527699999999995,0.432629,0.08333989698530692,P05_shelf.001.obj
P05,shelf,002,-1.3509175,2.1848644999999998,-0.3394645,0.40531300000000003,0.47527699999999995,0.16408100000000003,0.031607898770646785,P05_shelf.002.obj
P05,shelf,003,-1.3509175,2.1848644999999998,-0.1407015,0.40531300000000003,0.47527699999999995,0.164081,0.03160789877064678,P05_shelf.003.obj
P05,shelf,004,-1.3509175,2.1848644999999998,0.0566435,0.40531300000000003,0.47527699999999995,0.164081,0.03160789877064678,P05_shelf.004.obj
P05,shelf,005,-1.309746,1.201266,0.2093825,0.7273639999999999,1.42442,0.08000299999999999,0.08288885452588662,P05_shelf.005.obj
P05,shelf,006,-0.057877500000000026,-2.213412,-1.1224285,1.261171,1.6096320000000002,0.30077700000000007,0.6105836861932792,P05_shelf.006.obj
P05,shelf,007,0.6066605,-2.0199745,-0.14216900000000002,0.6674209999999999,1.362679,0.288584,0.26246154394661364,P05_shelf.007.obj
P05,shelf,008,-1.3509175,2.1848644999999998,0.314643,0.40531300000000003,0.47527699999999995,0.30432400000000004,0.05862374184383513,P05_shelf.008.obj
P05,sink,001,0.182842,-1.8415895,-0.86891,0.8237340000000001,0.9707790000000001,0.19236399999999998,0.15382650198235012,P05_sink.001.obj
P05,storage,001,0.1296635,-1.670944,-1.5317115000000001,0.594045,0.5163,0.2485670000000002,0.07623684948879457,P05_storage.001.obj
P05,storage,002,0.32360449999999996,-2.063757,-1.5317115000000001,0.577815,0.479884,0.2485670000000002,0.06892369514443186,P05_storage.002.obj
P05,storage,003,0.22157849999999998,-2.6637055,-1.5317115000000001,0.5123829999999999,0.5925069999999999,0.2485670000000002,0.07546258333842867,P05_storage.003.obj
P05,storage,004,-0.18078999999999998,-2.8312654999999998,-1.5317115000000001,0.5204759999999999,0.5956189999999997,0.2485670000000002,0.07705711093047515,P05_storage.004.obj
P05,table,001,-2.7278195,-0.3035635,-0.980551,1.151967,1.332121,0.029999999999999916,0.046036782960209875,P05_table.001.obj
P05,top_cupboard,005,-0.583529,0.477829,-0.801966,0.549288,0.47810600000000003,0.020000000000000018,0.005252357770560005,P05_top_cupboard.005.obj
P05,top_cupboard,006,-0.5770815,0.5178405,0.339703,0.562181,0.428969,0.019999999999999962,0.004823164427779991,P05_top_cupboard.006.obj
P05,top_freezer,001,-0.8406525,-3.0616445,0.10785,0.7812429999999999,0.8114629999999998,0.03,0.019018493655269992,P05_top_freezer.001.obj
P05,top_fridge,001,-1.427858,-3.3176319999999997,0.10785,0.888558,0.8582459999999998,0.03,0.022878040478039995,P05_top_fridge.001.obj
P05,top_microwave,001,-0.261946,-2.9259174999999997,-0.3790295,0.602956,0.5347849999999998,0.21869699999999997,0.0705192466539286,P05_top_microwave.001.obj
P06,bin,001,-0.14063799999999999,0.606835,-1.1339065,0.4,0.39999999999999997,0.5607869999999999,0.08972591999999999,P06_bin.001.obj
P06,boiler,001,-0.568021,0.49118649999999997,0.3222905,0.50179,0.38028100000000004,0.7608590000000001,0.1451880296857684,P06_boiler.001.obj
P06,counter,001,0.48986650000000004,-1.228477,-0.581638,0.782023,0.782022,0.030000000000000027,0.01834677571518002,P06_counter.001.obj
P06,counter,002,-0.011855000000000004,-1.432863,-0.581638,0.689412,0.7442959999999998,0.030000000000000027,0.01539379781856001,P06_counter.002.obj
P06,counter,003,-0.479501,-1.623367,-0.581638,0.689412,0.7442959999999998,0.030000000000000027,0.01539379781856001,P06_counter.003.obj
P06,counter,004,-1.095296,-1.5840095,-0.581638,0.5745260000000001,0.27266499999999994,0.030000000000000027,0.004699593953700004,P06_counter.004.obj
P06,counter,005,-1.512064,-2.0440009999999997,-0.581638,0.6894120000000001,0.7442959999999998,0.030000000000000027,0.015393797818560014,P06_counter.005.obj
P06,counter,006,-1.9768620000000001,-2.2333455,-0.581638,0.6894120000000001,0.7442970000000002,0.030000000000000027,0.01539381850092002,P06_counter.006.obj
P06,counter,007,-2.0986564999999997,-0.2119745,-0.597691,0.7357169999999997,0.763159,0.030000000000000027,0.01684407150009001,P06_counter.007.obj
P06,counter,008,-1.1568835,0.1629465,-0.597691,0.6954929999999999,0.7467729999999999,0.030000000000000027,0.015581261822670011,P06_counter.008.obj
P06,counter,009,-0.43881899999999996,0.45546349999999997,-0.597691,1.19877,0.951793,0.030000000000000027,0.03422942683830003,P06_counter.009.obj
P06,cupboard,001,0.4833965,-1.1997209999999998,-0.9913495,0.756615,0.716756,0.743091,0.40298444737744554,P06_cupboard.001.obj
P06,cupboard,002,-0.027498000000000022,-1.4073475,-0.9913495,0.663636,0.6789689999999999,0.743091,0.3348280890966988,P06_cupboard.002.obj
P06,cupboard,003,-0.487406,-1.604818,-1.056752,0.654642,0.660174,0.5477320000000001,0.2367175163797583,P06_cupboard.003.obj
P06,cupboard,004,-1.5146045,-2.0222695,-1.056752,0.6534389999999999,0.6596850000000001,0.5477320000000001,0.2361074957528204,P06_cupboard.004.obj
P06,cupboard,005,-1.975261,-2.2094795,-1.056752,0.6515960000000001,0.6589369999999999,0.5477320000000001,0.2351746023004909,P06_cupboard.005.obj
P06,cupboard,006,-2.090197,-0.204429,-1.0729415,0.6755979999999999,0.72411,0.558433,0.27318948216818867,P06_cupboard.006.obj
P06,cupboard,007,-1.617585,-0.012359499999999995,-1.0729415,0.6753420000000001,0.7240070000000001,0.558433,0.27304711951107763,P06_cupboard.007.obj
P06,cupboard,008,-1.1589685,0.17402299999999998,-1.0729415,0.6795730000000001,0.725726,0.558433,0.27541010619211814,P06_cupboard.008.obj
P06,cupboard,009,0.4964905,-1.394552,0.305198,0.565643,0.4546359999999998,0.708206,0.18212343833539923,P06_cupboard.009.obj
P06,cupboard,010,0.035733000000000015,-1.5818029999999998,0.305198,0.574696,0.4583139999999999,0.708206,0.18653524415299602,P06_cupboard.010.obj
P06,cupboard,011,-0.42478899999999997,-1.768958,0.305198,0.5651740000000001,0.45444400000000007,0.708206,0.18189558177149878,P06_cupboard.011.obj
P06,cupboard,012,-1.4484775,-2.184983,0.305198,0.570991,0.4568080000000001,0.708206,0.18472367741431,P06_cupboard.012.obj
P06,cupboard,013,-1.9091345,-2.372193,0.305198,0.5691470000000001,0.45606000000000035,0.708206,0.1838256184478091,P06_cupboard.013.obj
P06,drawer,001,-0.4874055,-1.604818,-0.6959759999999999,0.6546409999999999,0.660174,0.17381999999999997,0.07512100049675986,P06_drawer.001.obj
P06,drawer,002,-1.5146045,-2.0222695,-0.6959759999999999,0.6534389999999999,0.6596850000000001,0.17381999999999997,0.07492752826520128,P06_drawer.002.obj
P06,drawer,003,-1.975261,-2.2094795,-0.6959759999999999,0.6515960000000001,0.6589369999999999,0.17381999999999997,0.07463147921222663,P06_drawer.003.obj
P06,drawer,004,-2.090197,-0.204429,-0.7040595000000001,0.6755979999999999,0.72411,0.17933100000000002,0.08773002853825518,P06_drawer.004.obj
P06,drawer,005,-1.1589685,0.17402299999999998,-0.7099945000000001,0.6795730000000001,0.725726,0.16621699999999995,0.08197553085318256,P06_drawer.005.obj
P06,floor,001,-1.70291,-1.0287985000000002,-1.462913,4.916948,3.249433,0.030000000000000027,0.4793187927145204,P06_floor.001.obj
P06,freezer,001,-2.627603,-0.42283099999999996,-1.0179485,0.7122039999999998,0.738988,0.8368909999999999,0.4404642775821827,P06_freezer.001.obj
P06,fridge,001,-2.627603,-0.42283099999999996,-0.171276,0.7122039999999998,0.738988,0.856454,0.45076048421164855,P06_fridge.001.obj
P06,fridge,002,-2.761364,-2.4380055,-0.665154,0.7821160000000003,0.7821150000000001,1.466418,0.8970147172743725,P06_fridge.002.obj
P06,hob,001,-0.9814235,-1.8625889999999998,-0.5770394999999999,0.768551,0.7304419999999998,0.06405300000000003,0.03595819673295373,P06_hob.001.obj
P06,microwave,001,-1.9252154999999997,-2.2891615,-0.48071200000000003,0.5037369999999999,0.3826010000000002,0.24000000000000005,0.04625526718488002,P06_microwave.001.obj
P06,oven,001,-0.988447,-1.845307,-0.9120225,0.7825979999999999,0.7650059999999999,0.605913,0.3627553661279217,P06_oven.001.obj
P06,sink,001,-1.6122424999999998,-0.0383385,-0.6834199999999999,0.657411,0.700855,0.20219200000000004,0.09315992081279977,P06_sink.001.obj
P06,storage,001,0.35841500000000004,-0.5785640000000001,-1.0695665,0.471986,0.570922,0.815165,0.2196602228265102,P06_storage.001.obj
P06,table,001,1.8652755,1.511314,-0.883144,1.012111,0.77492,0.030000000000000027,0.023529151683600022,P06_table.001.obj
P06,top_fridge,002,-2.761364,-2.4380055,0.085077,0.7821160000000003,0.7821150000000001,0.03,0.018351139660200008,P06_top_fridge.002.obj
P06,top_microwave,001,-1.9252154999999997,-2.2891615,-0.349593,0.5037369999999999,0.3826010000000002,0.020000000000000018,0.0038546055987400043,P06_top_microwave.001.obj
P06,top_storage,001,0.36399349999999997,-0.591319,-0.6549345,0.46163299999999996,0.54725,0.045598999999999945,0.011519614233140737,P06_top_storage.001.obj
P06,washingmachine,001,-0.625056,0.3677785,-0.9884664999999999,0.825934,0.8184929999999999,0.727383,0.49172632667350186,P06_washingmachine.001.obj
P06,windowsill,001,-1.7379375,0.300104,-0.512621,0.9250229999999999,0.457874,0.030000000000000027,0.01270631943306001,P06_windowsill.001.obj
P07,counter,001,-0.3656455,-1.551947,-0.568459,0.875355,0.8646039999999999,0.029999999999999916,0.022705063032599934,P07_counter.001.obj
P07,counter,002,-1.016512,-1.688062,-0.568459,0.5224560000000001,0.39855799999999997,0.029999999999999916,0.006246870553439984,P07_counter.002.obj
P07,counter,003,-1.349801,-2.2581745,-0.568459,0.8767260000000001,0.8655889999999999,0.03764599999999996,0.028568961430240614,P07_counter.003.obj
P07,counter,004,-1.8552965000000001,-2.6209160000000002,-0.5684595,0.8372870000000001,0.8372860000000002,0.037215,0.02608952674089664,P07_counter.004.obj
P07,counter,005,-2.1862875,-2.111661,-0.568459,0.744953,0.7710279999999998,0.029999999999999916,0.017231388650519947,P07_counter.005.obj
P07,counter,006,-2.526208,-1.7017540000000002,-0.568459,0.7133640000000003,0.691756,0.029999999999999916,0.014804214815519965,P07_counter.006.obj
P07,counter,007,-3.317398,-0.6508185,-0.568459,0.8590200000000001,0.8576109999999999,0.029999999999999916,0.02210115003659994,P07_counter.007.obj
P07,counter,008,-3.6752160000000003,-0.15218649999999997,-0.568459,0.8590200000000001,0.8576109999999999,0.029999999999999916,0.02210115003659994,P07_counter.008.obj
P07,cupboard,001,0.6470625,-0.8432155,-0.9920895,0.8555189999999999,0.856187,0.790735,0.5792009303027189,P07_cupboard.001.obj
P07,cupboard,002,0.6470625,-0.8432155,0.10297650000000003,0.8555189999999999,0.856187,1.399397,1.02503625647383,P07_cupboard.002.obj
P07,cupboard,003,0.15567850000000003,-1.197736,0.5102725,0.846363,0.8495820000000001,0.584805,0.4205068249254082,P07_cupboard.003.obj
P07,cupboard,004,-0.351265,-1.5634825,-0.990558,0.8495659999999999,0.8518929999999998,0.7937979999999999,0.5745028314354274,P07_cupboard.004.obj
P07,cupboard,005,-1.3460125,-2.2757465,-0.990558,0.8484330000000001,0.854495,0.7937979999999999,0.5754890682152103,P07_cupboard.005.obj
P07,cupboard,006,-0.27668000000000004,-1.653693,0.376452,0.70628,0.657686,0.852446,0.3959700904729237,P07_cupboard.006.obj
P07,cupboard,007,-1.1954925,-2.316593,0.376452,0.547071,0.5428199999999999,0.852446,0.25314328498921806,P07_cupboard.007.obj
P07,cupboard,008,-1.5542245000000001,-2.5754089999999996,0.376452,0.6161589999999999,0.5926659999999999,0.852446,0.31129323810418064,P07_cupboard.008.obj
P07,cupboard,009,-2.097233,-2.570683,0.376452,0.4698579999999999,0.4409240000000003,0.852446,0.17660266037506533,P07_cupboard.009.obj
P07,cupboard,010,-2.370571,-2.3133305,0.3292085,0.4310679999999998,0.46379100000000006,0.674739,0.13489750413715626,P07_cupboard.010.obj
P07,cupboard,011,-2.7979065,-1.3886384999999999,-1.100625,0.730105,0.6842750000000002,0.748822,0.37410592907477536,P07_cupboard.011.obj
P07,cupboard,012,-3.0293425,-1.067857,-1.100625,0.7189209999999999,0.6687740000000001,0.748822,0.36003037733787796,P07_cupboard.012.obj
P07,cupboard,013,-3.4360065000000004,-0.7150749999999999,0.376452,0.674477,0.724536,0.852446,0.4165757558155257,P07_cupboard.013.obj
P07,cupboard,014,-3.6884550000000003,-0.15429349999999997,-1.0179115,0.8552599999999999,0.857745,0.805217,0.5907031560160478,P07_cupboard.014.obj
P07,cupboard,015,-3.7948,-0.2200365,0.376452,0.6710760000000002,0.719821,0.852446,0.4117779593318308,P07_cupboard.015.obj
P07,dishwasher,001,-2.5461795,-1.737546,-1.0361975,0.7442609999999998,0.7038960000000001,0.885077,0.46367621059780584,P07_dishwasher.001.obj
P07,drawer,001,0.15567850000000003,-1.197736,-1.186566,0.846363,0.8495820000000001,0.401782,0.288903263707014,P07_drawer.001.obj
P07,drawer,002,0.15567850000000003,-1.197736,-0.8972675,0.846363,0.8495820000000001,0.17681499999999994,0.12713966920458275,P07_drawer.002.obj
P07,drawer,003,0.15567850000000003,-1.197736,-0.750245,0.846363,0.8495820000000001,0.11723000000000006,0.08429479071828323,P07_drawer.003.obj
P07,drawer,004,-0.8467009999999999,-1.920927,-1.188129,0.841456,0.8460420000000002,0.3986559999999999,0.28380604369534773,P07_drawer.004.obj
P07,drawer,005,-0.8467009999999999,-1.920927,-0.8872995,0.841456,0.8460420000000002,0.20300300000000004,0.14451928050320753,P07_drawer.005.obj
P07,drawer,006,-0.8467009999999999,-1.920927,-0.6897285,0.841456,0.8460420000000002,0.19213899999999995,0.1367851215824681,P07_drawer.006.obj
P07,drawer,007,-2.179008,-2.121637,-1.287672,0.7393200000000002,0.7757720000000001,0.19957000000000003,0.11446212719333286,P07_drawer.007.obj
P07,drawer,008,-2.179008,-2.121637,-1.0918385,0.7393200000000002,0.7757720000000001,0.19209699999999996,0.1101760347119189,P07_drawer.008.obj
P07,drawer,009,-2.179008,-2.121637,-0.895391,0.7393200000000002,0.7757720000000001,0.20079799999999992,0.11516643892452191,P07_drawer.009.obj
P07,drawer,010,-2.179008,-2.121637,-0.6943255,0.7393200000000002,0.7757720000000001,0.20133299999999998,0.11547328483346836,P07_drawer.010.obj
P07,drawer,011,-0.581106,0.19491800000000004,-1.15732,1.0150180000000002,0.96516,0.47541,0.46573767557488094,P07_drawer.011.obj
P07,drawer,012,-0.581106,0.19491800000000004,-0.7684355,1.0150180000000002,0.96516,0.30235899999999993,0.2962074374732239,P07_drawer.012.obj
P07,drawer,013,-1.2402355,-0.2806265,-1.15732,1.007259,0.9595629999999999,0.47541,0.4594972988848799,P07_drawer.013.obj
P07,drawer,014,-1.2402355,-0.2806265,-0.7684355,1.007259,0.9595629999999999,0.30235899999999993,0.2922385810006802,P07_drawer.014.obj
P07,extractorfan,001,-0.77522,-2.013377,0.6122715000000001,0.71107,0.6611420000000001,0.380807,0.17902431735844562,P07_extractorfan.001.obj
P07,floor,001,-0.997343,0.08970050000000018,-1.5086940000000002,5.581792,4.884709,0.030000000000000027,0.8179628885558408,P07_floor.001.obj
P07,freezer,001,1.114407,-0.4714085,-1.020205,0.814696,0.826735,0.7053020000000001,0.47504748516446316,P07_freezer.001.obj
P07,fridge,001,1.114407,-0.4714085,-0.1256585,0.814696,0.826735,1.071139,0.7214524958267208,P07_fridge.001.obj
P07,hob,001,-0.8319455,-1.9387155,-0.5742115,0.784173,0.7817570000000003,0.04557699999999998,0.027940192824586492,P07_hob.001.obj
P07,hook,001,-1.581356,-0.5362994999999999,-0.715909,0.23548599999999986,0.310731,0.21575199999999994,0.015787178002990017,P07_hook.001.obj
P07,microwave,001,-1.97132,-2.7546955000000004,-0.4269695,0.571828,0.5989949999999999,0.24268299999999998,0.08312429391520336,P07_microwave.001.obj
P07,oven,001,0.15567850000000003,-1.197736,-0.45551949999999997,0.846363,0.8495820000000001,0.472221,0.3395527626697808,P07_oven.001.obj
P07,oven,002,0.15567850000000003,-1.197736,-0.0007694999999999924,0.846363,0.8495820000000001,0.437279,0.31442755088714625,P07_oven.002.obj
P07,shelf,001,-0.2956155,0.5880255,-0.84161,0.543861,0.713141,0.030000000000000027,0.011635487322030012,P07_shelf.001.obj
P07,sink,001,-2.8865125000000003,-1.2004485,-0.634526,0.9025310000000002,0.942145,0.162134,0.13786498339643535,P07_sink.001.obj
P07,storage,001,1.5840155,-0.20909049999999998,-1.193974,0.619637,0.6532129999999999,0.5501440000000001,0.22267350373644007,P07_storage.001.obj
P07,table,001,-0.899479,0.15820199999999995,-0.580077,2.1128780000000003,1.88251,0.029999999999999916,0.11932541891339968,P07_table.001.obj
P07,top_microwave,001,-1.97132,-2.7546955000000004,-0.297025,0.571828,0.5989949999999999,0.013938000000000006,0.004774073209042681,P07_top_microwave.001.obj
P07,washingmachine,001,-3.3080065000000003,-0.6307189999999999,-1.0120425,0.891791,0.8762819999999999,0.8031130000000001,0.627601007078106,P07_washingmachine.001.obj
P07,windowsill,001,-3.0810174999999997,-1.578352,-0.568459,0.9959950000000002,1.159176,0.029999999999999916,0.0346360050035999,P07_windowsill.001.obj
P08,bin,001,-0.34093,1.647235,-1.2575535,0.35,0.3500000000000001,0.42386899999999983,0.05192395249999999,P08_bin.001.obj
P08,bin,002,0.026345999999999994,1.812594,-1.1770935,0.35,0.3500000000000001,0.6009869999999999,0.07362090750000001,P08_bin.002.obj
P08,counter,001,1.6369595,-0.23531100000000002,-0.628109,0.612819,0.697654,0.04247000000000001,0.018157438062806223,P08_counter.001.obj
P08,counter,002,0.639371,-0.671762,-0.628109,0.7756800000000001,0.764596,0.04247000000000001,0.025188185119641614,P08_counter.002.obj
P08,counter,003,-0.017321999999999976,-0.9676339999999999,-0.6291910000000001,1.01255,0.87596,0.044943999999999984,0.03986322902531199,P08_counter.003.obj
P08,counter,004,-0.3613115,-0.6183825000000001,-0.6267959999999999,0.682391,0.545801,0.042598000000000025,0.015865611902756226,P08_counter.004.obj
P08,counter,005,-0.7317755,0.21212999999999999,-0.618579,0.6742429999999999,0.527536,0.02522000000000002,0.008970437621354566,P08_counter.005.obj
P08,cupboard,001,1.634025,-0.2366445,-1.0170375,0.606684,0.688283,0.667741,0.2788287987226509,P08_cupboard.001.obj
P08,cupboard,002,1.1828225,-0.43464400000000003,-1.095567,0.746047,0.749438,0.5295300000000001,0.29606868043393464,P08_cupboard.002.obj
P08,cupboard,003,-0.09208249999999998,-0.8813415,-1.000791,1.128725,1.0289869999999999,0.6692,0.7772378908739899,P08_cupboard.003.obj
P08,cupboard,004,-0.7205155,0.2324405,-0.988761,0.6112230000000001,0.486287,0.71491,0.21249255560380495,P08_cupboard.004.obj
P08,cupboard,005,-0.897769,0.6363669999999999,0.4296615,0.7287,0.7539939999999999,0.43422499999999997,0.23857859863645497,P08_cupboard.005.obj
P08,cupboard,006,-0.8391995,0.16940550000000001,0.276377,0.37385500000000005,0.396955,0.740794,0.10993650499605084,P08_cupboard.006.obj
P08,cupboard,007,-0.4571115,-0.701296,0.276377,0.41273099999999996,0.48554600000000003,0.740794,0.14845503324282402,P08_cupboard.007.obj
P08,cupboard,008,-0.2750595,-1.116157,0.276377,0.44593099999999997,0.5612,0.740794,0.18538849677089678,P08_cupboard.008.obj
P08,dishwasher,001,0.6439064999999999,-0.6711355000000001,-1.0184275,0.776155,0.7626510000000001,0.6801209999999999,0.4025876872772155,P08_dishwasher.001.obj
P08,drawer,001,-0.5339755,-0.19264750000000003,-1.1986505,0.731965,0.761435,0.29513100000000003,0.16448942411746553,P08_drawer.001.obj
P08,drawer,002,-0.5339755,-0.19264750000000003,-0.9254184999999999,0.731965,0.761435,0.24107299999999998,0.13436053461096856,P08_drawer.002.obj
P08,drawer,003,-0.5339755,-0.19264750000000003,-0.7286980000000001,0.731965,0.761435,0.13745200000000002,0.07660801584311332,P08_drawer.003.obj
P08,drawer,004,-0.897769,0.6363669999999999,-1.176123,0.7287,0.7539939999999999,0.3401860000000001,0.18691024044157084,P08_drawer.004.obj
P08,drawer,005,-0.897769,0.6363669999999999,-0.9239615,0.7287,0.7539939999999999,0.16413699999999998,0.09018268281280858,P08_drawer.005.obj
P08,drawer,006,-0.897769,0.6363669999999999,0.16396349999999998,0.7287,0.7539939999999999,0.097171,0.053389189954753793,P08_drawer.006.obj
P08,floor,001,0.9034110000000001,1.0597590000000001,-1.49232,3.902976,3.557188,0.020000000000000018,0.2776723878297602,P08_floor.001.obj
P08,freezer,001,2.104534,-0.030172000000000004,-0.860749,0.7770919999999999,0.7630619999999999,0.9492859999999999,0.5628975267845472,P08_freezer.001.obj
P08,fridge,001,2.104534,-0.030172000000000004,0.12577449999999998,0.7770919999999999,0.7630619999999999,1.023761,0.6070589210401026,P08_fridge.001.obj
P08,hob,001,-0.5415035,-0.1959515,-0.6257235,0.757603,0.759785,0.043026999999999926,0.024767003615939545,P08_hob.001.obj
P08,hook,001,1.8721830000000002,-0.23399799999999998,-0.25427299999999997,0.1107180000000001,0.21774000000000002,0.324594,0.007825226887648088,P08_hook.001.obj
P08,microwave,001,-0.808661,0.6705825000000001,-0.0263305,0.5296719999999999,0.621743,0.283417,0.09333484627867741,P08_microwave.001.obj
P08,oven,001,-0.897769,0.6363669999999999,-0.48712,0.7287,0.7539939999999999,0.6381619999999999,0.3506288114757035,P08_oven.001.obj
P08,sink,001,1.1809815000000001,-0.435506,-0.706061,0.764629,0.7626959999999999,0.19336199999999992,0.11276475056999376,P08_sink.001.obj
P08,table,001,1.5427475,1.9127645,-0.779748,1.164809,1.374317,0.020000000000000018,0.03201633620906003,P08_table.001.obj
P09,bin,001,1.574039,-1.690178,-1.18224,0.3500000000000001,0.3500000000000001,0.6958320000000001,0.08523942000000007,P09_bin.001.obj
P09,counter,001,-0.1972765,-1.615904,-0.685476,0.462401,0.6092439999999999,0.030000000000000027,0.008451451045320007,P09_counter.001.obj
P09,counter,002,-0.736999,-1.6046580000000001,-0.685476,0.6461640000000001,0.6130739999999999,0.030000000000000027,0.01188439044408001,P09_counter.002.obj
P09,counter,003,-1.7630015,-1.5832795000000002,-0.685476,0.3894749999999998,0.6077250000000001,0.030000000000000027,0.007100810831250004,P09_counter.003.obj
P09,counter,004,-1.6390479999999998,-1.056278,-0.685476,0.6092440000000001,0.4624020000000001,0.030000000000000027,0.00845146932264001,P09_counter.004.obj
P09,counter,005,-1.629807,-0.6127994999999999,-0.685476,0.6089220000000002,0.44698099999999996,0.030000000000000027,0.008165296934460008,P09_counter.005.obj
P09,counter,006,-1.608552,0.4072585,-0.685476,0.6123699999999999,0.612369,0.030000000000000027,0.011249892135900007,P09_counter.006.obj
P09,counter,007,-1.5909325,1.0155794999999999,-0.685476,0.6123689999999999,0.6123689999999999,0.030000000000000027,0.011249873764830007,P09_counter.007.obj
P09,counter,008,-1.137776,1.0227140000000001,-0.685476,0.312434,0.60612,0.030000000000000027,0.005681174882400004,P09_counter.008.obj
P09,counter,009,-0.7615149999999999,1.014874,-0.685476,0.4624020000000001,0.609244,0.030000000000000027,0.008451469322640008,P09_counter.009.obj
P09,cupboard,001,-1.1708045,-1.4989235,-1.168025,0.3096730000000001,0.4195849999999999,0.4865839999999999,0.0632238763537217,P09_cupboard.001.obj
P09,cupboard,002,-1.5555465,-1.1156964999999999,-1.147524,0.4195850000000001,0.30967299999999987,0.545332,0.07085724754559905,P09_cupboard.002.obj
P09,cupboard,003,-1.549809,-0.884273,-1.0683425,0.4162119999999998,0.17361000000000004,0.7036950000000001,0.05084799112285739,P09_cupboard.003.obj
P09,cupboard,004,-1.5428994999999999,-0.6055470000000001,-1.147524,0.42193100000000006,0.404278,0.545332,0.0930213260495216,P09_cupboard.004.obj
P09,cupboard,005,-1.5216945,0.24978499999999998,-1.1680465,0.419311,0.298616,0.545331,0.06828251609317366,P09_cupboard.005.obj
P09,cupboard,006,-1.5141455,0.554285,-1.1680465,0.419311,0.29861600000000005,0.545331,0.06828251609317368,P09_cupboard.006.obj
P09,cupboard,007,-1.1454455000000001,0.9349075,-1.137513,0.2986169999999999,0.419311,0.545332,0.06828286996985346,P09_cupboard.007.obj
P09,cupboard,008,-0.776684,0.9257655,-1.137513,0.403902,0.4219209999999999,0.545332,0.09293260867165633,P09_cupboard.008.obj
P09,cupboard,009,-1.8043015,-1.6719135,0.1334435,0.33028499999999994,0.4046289999999999,0.698275,0.09331948850151783,P09_cupboard.009.obj
P09,cupboard,010,-1.793162,-1.2226015000000001,0.1334435,0.332894,0.5098830000000001,0.698275,0.11852309767123158,P09_cupboard.010.obj
P09,cupboard,011,-1.780755,-0.7221265,0.1334435,0.33282199999999995,0.506955,0.698275,0.11781699194165775,P09_cupboard.011.obj
P09,cupboard,012,-1.768043,0.285997,0.1297415,0.30339800000000006,0.309612,0.693139,0.06511047052912707,P09_cupboard.012.obj
P09,cupboard,013,-1.7607635,0.5796245,0.1297415,0.30296900000000004,0.292313,0.693139,0.06138562175386529,P09_cupboard.013.obj
P09,cupboard,014,-1.6017095000000001,1.02744,0.1297415,0.6069470000000001,0.61799,0.693139,0.25998755045282773,P09_cupboard.014.obj
P09,cupboard,015,-1.1009250000000002,1.1708505,0.1297415,0.409092,0.301825,0.693139,0.0855847785925131,P09_cupboard.015.obj
P09,cupboard,016,-0.7524265,1.162211,0.1297415,0.3023769999999999,0.29918,0.693139,0.06270492420194951,P09_cupboard.016.obj
P09,dishwasher,001,-0.1949985,-1.4994619999999999,-1.1594955,0.46336700000000003,0.470642,0.8434710000000001,0.18394413173723223,P09_dishwasher.001.obj
P09,drawer,001,-0.721325,-1.5100665,-1.2267375,0.6097220000000001,0.42702300000000015,0.36688300000000007,0.09552360881924216,P09_drawer.001.obj
P09,drawer,002,-0.721325,-1.5100665,-0.9540715,0.6097220000000001,0.42702300000000015,0.17844899999999997,0.04646193056147311,P09_drawer.002.obj
P09,drawer,003,-0.721325,-1.5100665,-0.7856655,0.6097220000000001,0.42702300000000015,0.15836300000000003,0.041232232792039004,P09_drawer.003.obj
P09,drawer,004,-1.5555465,-1.1156964999999999,-0.7956765,0.4195850000000001,0.30967299999999987,0.15836300000000003,0.020576761116280914,P09_drawer.004.obj
P09,drawer,005,-1.5428994999999999,-0.6055470000000001,-0.7956765,0.42193100000000006,0.404278,0.15836300000000003,0.027013152093000946,P09_drawer.005.obj
P09,drawer,006,-1.5216945,0.24978499999999998,-0.816199,0.419311,0.298616,0.15836399999999995,0.019829227347389657,P09_drawer.006.obj
P09,drawer,007,-1.5141455,0.554285,-0.816199,0.419311,0.29861600000000005,0.15836399999999995,0.019829227347389664,P09_drawer.007.obj
P09,drawer,008,-1.1454455000000001,0.9349075,-0.7856655,0.2986169999999999,0.419311,0.15836300000000003,0.019829168537763977,P09_drawer.008.obj
P09,drawer,009,-0.776684,0.9257655,-0.7856655,0.403902,0.4219209999999999,0.15836300000000003,0.02698738879631034,P09_drawer.009.obj
P09,floor,001,0.275292,-0.9845280000000001,-1.599688,3.2780519999999997,5.492478,0.029999999999999805,0.5401388547856765,P09_floor.001.obj
P09,freezer,001,-0.279165,0.8763989999999999,-1.1486809999999998,0.5266500000000001,0.4098019999999999,0.7565679999999999,0.16328418783763438,P09_freezer.001.obj
P09,fridge,001,-0.279165,0.8763989999999999,-0.292942,0.5266500000000001,0.4098019999999999,0.71704,0.154753166995032,P09_fridge.001.obj
P09,hob,001,-1.620574,-0.1456645,-0.717058,0.6127959999999999,0.510443,0.09158200000000005,0.028646614108609504,P09_hob.001.obj
P09,microwave,001,-0.8320350000000001,1.11658,-0.5364140000000001,0.44016200000000005,0.28093599999999996,0.23000000000000004,0.02844119087536,P09_microwave.001.obj
P09,oven,001,-1.531553,-0.147871,-1.1256855,0.4244460000000001,0.505774,0.638049,0.13697237228196102,P09_oven.001.obj
P09,shelf,001,1.606371,-0.745215,-0.52325,0.656844,2.5184860000000002,0.030000000000000027,0.04962757254552005,P09_shelf.001.obj
P09,sink,001,-1.3131515,-1.589817,-0.793374,0.536437,0.608444,0.243464,0.079464671218353,P09_sink.001.obj
P09,storage,001,1.710847,-2.2058095,-1.062129,0.3044699999999998,0.3836269999999997,1.027714,0.12003998861229048,P09_storage.001.obj
P09,storage,002,1.7010874999999999,-2.5994855,-1.29013,0.30447100000000016,0.38362700000000016,0.5723720000000001,0.066854936319554,P09_storage.002.obj
P09,top_cupboard,009,-1.8043015,-1.6719135,0.4923575,0.33028499999999994,0.4046289999999999,0.027373000000000036,0.0036582068078508485,P09_top_cupboard.009.obj
P09,top_cupboard,010,-1.793162,-1.222601,0.4923575,0.332894,0.509884,0.027373000000000036,0.0046462197779544145,P09_top_cupboard.010.obj
P09,top_cupboard,011,-1.780755,-0.7221265,0.4923575,0.33282199999999995,0.506955,0.027373000000000036,0.004618530694094736,P09_top_cupboard.011.obj
P09,top_cupboard,012,-1.7680425,0.2859975,0.4912655,0.303399,0.30961299999999997,0.027603000000000044,0.0025929229874249644,P09_top_cupboard.012.obj
P09,top_cupboard,013,-1.7607635,0.5796245,0.4912655,0.30296900000000004,0.292313,0.027603000000000044,0.0024445707387290953,P09_top_cupboard.013.obj
P09,top_cupboard,014,-1.6017095000000001,1.02744,0.4912655,0.6069470000000001,0.61799,0.027603000000000044,0.01035353133375761,P09_top_cupboard.014.obj
P09,top_cupboard,015,-1.1009250000000002,1.1708505,0.4912655,0.409092,0.301825,0.027603000000000044,0.0034082581466187054,P09_top_cupboard.015.obj
P09,top_cupboard,016,-0.7524265,1.162211,0.4912655,0.3023769999999999,0.29918,0.027603000000000044,0.002497109559188583,P09_top_cupboard.016.obj
P09,top_microwave,001,-0.8320350000000001,1.11658,-0.408433,0.44016200000000005,0.28093599999999996,0.020000000000000018,0.002473147032640002,P09_top_microwave.001.obj
P09,top_storage,001,1.710847,-2.2058095,-0.5307325,0.3044699999999998,0.3836269999999997,0.027734999999999954,0.00323952878345714,P09_top_storage.001.obj
P09,top_storage,002,1.7010874999999999,-2.5994855,-0.9883315,0.30447100000000016,0.38362700000000016,0.025197000000000136,0.0029430926572994675,P09_top_storage.002.obj
